{"scriptStep":[
 {
   "stepNo": 1,
   "scriptName": "eBao Validation",
   "scriptId": "SN009",
   "stepId": "SN009.1",
   "fieldId": "SN009FID1",
   "stepDescription": "Launch the eBao backend URL",
   "expected": "The URL should be launched successfully",
   "Actual": "",
   "Status": "",
   "Browser": "",
   "Screenname": "URL",
   "fieldName": "eBao URL",
   "fieldType": "URL",
   "keyword": "input",
   "xpath": "",
   "xPath_Hexa": "",
   "testData": "https://10.11.13.50/policycenter ",
   "ExecutionDate": "",
   "screenshot": "",
   "SystemExecutedOn": ""
 },
 {
   "stepNo": 2,
   "scriptName": "eBao Validation",
   "scriptId": "SN010",
   "stepId": "SN009.2",
   "fieldId": "SN009FID2",
   "stepDescription": "Enter the user name as \"ADMIN\"",
   "expected": "The username should be entered successfully",
   "Actual": "",
   "Status": "",
   "Browser": "",
   "Screenname": "Login Screen",
   "fieldName": "Username",
   "fieldType": "textbox",
   "keyword": "input",
   "xpath": "//*[@id=\"username\"]",
   "xPath_Hexa": "2f2f2a5b4069643d22757365726e616d65225d",
   "testData": "ADMIN",
   "ExecutionDate": "",
   "screenshot": "",
   "SystemExecutedOn": ""
 },
 {
   "stepNo": 3,
   "scriptName": "eBao Validation",
   "scriptId": "SN011",
   "stepId": "SN009.3",
   "fieldId": "SN009FID3",
   "stepDescription": "Enter the relative password",
   "expected": "The password should be entered successfully",
   "Actual": "",
   "Status": "",
   "Browser": "",
   "Screenname": "Login Screen",
   "fieldName": "password",
   "fieldType": "textbox",
   "keyword": "input",
   "xpath": "//*[@id=\"password\"]",
   "xPath_Hexa": "2f2f2a5b4069643d2270617373776f7264225d",
   "testData": "eBao1234",
   "ExecutionDate": "",
   "screenshot": "",
   "SystemExecutedOn": ""
 },
 {
   "stepNo": 4,
   "scriptName": "eBao Validation",
   "scriptId": "SN012",
   "stepId": "SN009.4",
   "fieldId": "SN009FID4",
   "stepDescription": "Click on the Login button",
   "expected": "The system should be loggedin successfully",
   "Actual": "",
   "Status": "",
   "Browser": "",
   "Screenname": "Login Screen",
   "fieldName": "LOGIN",
   "fieldType": "button",
   "keyword": "input",
   "xpath": "//*[@id=\"fm1\"]/section[3]/input[4]",
   "xPath_Hexa": "2f2f2a5b4069643d22666d31225d2f73656374696f6e5b335d2f696e7075745b345d",
   "testData": "",
   "ExecutionDate": "",
   "screenshot": "",
   "SystemExecutedOn": ""
 },
 {
   "stepNo": 5,
   "scriptName": "eBao Validation",
   "scriptId": "SN013",
   "stepId": "SN009.5",
   "fieldId": "SN009FID5",
   "stepDescription": "Click on the Query button",
   "expected": "Query button should be clicked successfully",
   "Actual": "",
   "Status": "",
   "Browser": "",
   "Screenname": "Home",
   "fieldName": "Query",
   "fieldType": "button",
   "keyword": "input",
   "xpath": "//*[@id=\"Query\"]",
   "xPath_Hexa": "2f2f2a5b4069643d225175657279225d",
   "testData": "",
   "ExecutionDate": "",
   "screenshot": "",
   "SystemExecutedOn": ""
 },
 {
   "stepNo": 6,
   "scriptName": "eBao Validation",
   "scriptId": "SN014",
   "stepId": "SN009.6",
   "fieldId": "SN009FID6",
   "stepDescription": "Enter the Policy number in the \"Policy number /Quote number\" field",
   "expected": "The records related to the given Policy number should be displayed",
   "Actual": "",
   "Status": "",
   "Browser": "",
   "Screenname": "Query Screen",
   "fieldName": "Policy number /Quote number",
   "fieldType": "textbox",
   "keyword": "input",
   "xpath": "//*[@id=\"rainbow-ui-3\"]",
   "xPath_Hexa": "2f2f2a5b4069643d227261696e626f772d75692d33225d",
   "testData": "PNPV2017-00020241",
   "ExecutionDate": "",
   "screenshot": "",
   "SystemExecutedOn": ""
 },
 {
   "stepNo": 7,
   "scriptName": "eBao Validation",
   "scriptId": "SN015",
   "stepId": "SN009.7",
   "fieldId": "SN009FID7",
   "stepDescription": "Click on the search button",
   "expected": "Should display the required details associated with the policy number that has been quried",
   "Actual": "",
   "Status": "",
   "Browser": "",
   "Screenname": "Query Screen",
   "fieldName": "Search button",
   "fieldType": "button",
   "keyword": "input",
   "xpath": "//*[@id=\"rainbow-ui-4\"]",
   "xPath_Hexa": "2f2f2a5b4069643d227261696e626f772d75692d34225d",
   "testData": "",
   "ExecutionDate": "",
   "screenshot": "",
   "SystemExecutedOn": ""
 },
 {
   "stepNo": 8,
   "scriptName": "eBao Validation",
   "scriptId": "SN016",
   "stepId": "SN009.8",
   "fieldId": "SN009FID8",
   "stepDescription": "Verify if the \"Policy Number\" is same as given in the quote",
   "expected": "The policy number should be same as name given in the quote",
   "Actual": "",
   "Status": "",
   "Browser": "",
   "Screenname": "Query Screen",
   "fieldName": "policy no",
   "fieldType": "table",
   "keyword": "verify",
   "xpath": "//*[@id=\"queryResult_tr_0\"]",
   "xPath_Hexa": "2f2f2a5b4069643d227175657279526573756c745f74725f30225d",
   "testData": "PolicyNo:PNPV2017-00020241",
   "ExecutionDate": "",
   "screenshot": "",
   "SystemExecutedOn": ""
 },
 {
   "stepNo": 9,
   "scriptName": "eBao Validation",
   "scriptId": "SN017",
   "stepId": "SN009.9",
   "fieldId": "SN009FID9",
   "stepDescription": "Click on the \"Action\" button",
   "expected": "The Policy details page should be opened successfully",
   "Actual": "",
   "Status": "",
   "Browser": "",
   "Screenname": "Query Screen",
   "fieldName": "Action",
   "fieldType": "button",
   "keyword": "input",
   "xpath": "//*[@id=\"queryResult_tr_0\"]/td[12]/a",
   "xPath_Hexa": "2f2f2a5b4069643d227175657279526573756c745f74725f30225d2f74645b31325d2f61",
   "testData": "",
   "ExecutionDate": "",
   "screenshot": "",
   "SystemExecutedOn": ""
 },
 {
   "stepNo": 10,
   "scriptName": "eBao Validation",
   "scriptId": "SN018",
   "stepId": "SN009.10",
   "fieldId": "SN009FID10",
   "stepDescription": "Verify the Policy effective date",
   "expected": "The policy effective date should be same as the effective date selected in the quote",
   "Actual": "",
   "Status": "",
   "Browser": "",
   "Screenname": "QueryDetails",
   "fieldName": "Policy effective date",
   "fieldType": "text ",
   "keyword": "verify",
   "xpath": "//*[@id=\"registerForm\"]/div/div[1]/div/div[1]/div[2]/div/div[2]/div[1]/div/div/span",
   "xPath_Hexa": "2f2f2a5b4069643d227265676973746572466f726d225d2f6469762f6469765b315d2f6469762f6469765b315d2f6469765b325d2f6469762f6469765b325d2f6469765b315d2f6469762f6469762f7370616e",
   "testData": "01/09/2017",
   "ExecutionDate": "",
   "screenshot": "",
   "SystemExecutedOn": ""
 },
 {
   "stepNo": 11,
   "scriptName": "eBao Validation",
   "scriptId": "SN019",
   "stepId": "SN009.11",
   "fieldId": "SN009FID11",
   "stepDescription": "Verify the Policy end date",
   "expected": "The policy end date should be same as the end date selected in the quote",
   "Actual": "",
   "Status": "",
   "Browser": "",
   "Screenname": "QueryDetails",
   "fieldName": "Policy end date",
   "fieldType": "text",
   "keyword": "verfiy",
   "xpath": "//*[@id=\"registerForm\"]/div/div[1]/div/div[1]/div[2]/div/div[2]/div[2]/div/div/span",
   "xPath_Hexa": "2f2f2a5b4069643d227265676973746572466f726d225d2f6469762f6469765b315d2f6469762f6469765b315d2f6469765b325d2f6469762f6469765b325d2f6469765b325d2f6469762f6469762f7370616e",
   "testData": "31/08/2018",
   "ExecutionDate": "",
   "screenshot": "",
   "SystemExecutedOn": ""
 },
 {
   "stepNo": 12,
   "scriptName": "eBao Validation",
   "scriptId": "SN020",
   "stepId": "SN009.12",
   "fieldId": "SN009FID12",
   "stepDescription": "Verify the Permium amount dispalyed",
   "expected": "The permium amount dispalyed should be same as the premium amount dispalyed while created the quote",
   "Actual": "",
   "Status": "",
   "Browser": "",
   "Screenname": "QueryDetails",
   "fieldName": "Premium amount",
   "fieldType": "text",
   "keyword": "verify",
   "xpath": "//*[@id=\"rainbow-ui-84_collapse\"]/div/div[3]/div[6]/div[1]/div/div/span/span",
   "xPath_Hexa": "2f2f2a5b4069643d227261696e626f772d75692d38345f636f6c6c61707365225d2f6469762f6469765b335d2f6469765b365d2f6469765b315d2f6469762f6469762f7370616e2f7370616e",
   "testData": "S$ 1,058.39",
   "ExecutionDate": "",
   "screenshot": "",
   "SystemExecutedOn": ""
 }
]
}