{
  "scriptStep": [
  {
    "stepNo": 1,
    "scriptName": "Launch the FWD online URL",
    "scriptId": "SN001",
    "stepId": "SN001.1",
    "fieldId": "SN001FID1",
    "stepDescription": "Navigate to the test site URL",
    "expected": "The website opens up",
    "Actual": "",
    "Status": "",
    "Browser": "",
    "Screenname": "Main Page",
    "fieldName": "",
    "fieldType": "URL",
    "keyword": "input",
    "xpath": "",
    "xPath_Hexa": "",
    "testData": "https://uat-www.fwd.com.sg/",
    "Execution Date": "",
    "ExecutionTime": "",
    "SystemExecutedOn": ""
  },
  {
    "stepNo": 3,
    "scriptName": "Select the Car insurance product and enter the details for the quotes",
    "scriptId": "SN002",
    "stepId": "SN002.1",
    "fieldId": "SN002FID1",
    "stepDescription": "Click on the \"Get a Quote\" button",
    "expected": "Please select the product opens up",
    "Actual": "",
    "Status": "",
    "Browser": "",
    "Screenname": "Main Page",
    "fieldName": "get a quote button",
    "fieldType": "button",
    "keyword": "input",
    "xpath": "/html/body/div[1]/section[1]/div/div/div/div/div/div/button",
    "xPath_Hexa": "2f68746d6c2f626f64792f6469765b315d2f73656374696f6e5b315d2f6469762f6469762f6469762f6469762f6469762f6469762f627574746f6e",
    "testData": "",
    "Execution Date": "",
    "ExecutionTime": "",
    "SystemExecutedOn": ""
  },
  {
    "stepNo": 4,
    "scriptName": "Select the Car insurance product and enter the details for the quotes",
    "scriptId": "SN002",
    "stepId": "SN002.2",
    "fieldId": "SN002FID2",
    "stepDescription": "Click on the car insurance product",
    "expected": "online quote window for car insurance opens up",
    "Actual": "",
    "Status": "",
    "Browser": "",
    "Screenname": "",
    "fieldName": "car insurance product button",
    "fieldType": "button",
    "keyword": "input",
    "xpath": "//*[@id=\"productListModalWrapper\"]/div/div/div/ul/li[1]/div[3]",
    "xPath_Hexa": "2f2f2a5b4069643d2270726f647563744c6973744d6f64616c57726170706572225d2f6469762f6469762f6469762f756c2f6c695b315d2f6469765b335d",
    "testData": "",
    "Execution Date": "",
    "ExecutionTime": "",
    "SystemExecutedOn": ""
  },
  {
    "stepNo": 6,
    "scriptName": "Select the Car insurance product and enter the details for the quotes",
    "scriptId": "SN002",
    "stepId": "SN002.4",
    "fieldId": "SN002FID4",
    "stepDescription": "Select the \"Car make\" details from the dropdown",
    "expected": "Should be able to select the car make from the dropdown",
    "Actual": "",
    "Status": "",
    "Browser": "",
    "Screenname": "",
    "fieldName": "Care make",
    "fieldType": "comboBox",
    "keyword": "input",
    "xpath": "//*[@id=\"formViews\"]/div/div[1]/form/div/h5[1]/md-input-container[1]",
    "xPath_Hexa": "2f2f2a5b4069643d2273656c6563745f3238225d",
    "testData": "CHERY",
    "Execution Date": "",
    "ExecutionTime": "",
    "SystemExecutedOn": ""
  },
  {
    "stepNo": 7,
    "scriptName": "Select the Car insurance product and enter the details for the quotes",
    "scriptId": "SN002",
    "stepId": "SN002.5",
    "fieldId": "SN002FID5",
    "stepDescription": "Select the \"car model\" from the dropdown",
    "expected": "Should be able to select the car model from the dropdown",
    "Actual": "",
    "Status": "",
    "Browser": "",
    "Screenname": "",
    "fieldName": "Car model",
    "fieldType": "comboBox",
    "keyword": "input",
    "xpath": "//*[@id=\"formViews\"]/div/div[1]/form/div/h5[1]/md-input-container[2]",
    "xPath_Hexa": "2f2f2a5b4069643d22666f726d5669657773225d2f6469762f6469765b315d2f666f726d2f6469762f68355b315d2f6d642d696e7075742d636f6e7461696e65725b325d",
    "testData": "A168 1.6",
    "Execution Date": "",
    "ExecutionTime": "",
    "SystemExecutedOn": ""
  },
  {
    "stepNo": 8,
    "scriptName": "Select the Car insurance product and enter the details for the quotes",
    "scriptId": "SN002",
    "stepId": "SN002.6",
    "fieldId": "SN002FID6",
    "stepDescription": "Select the \"year of registration\" from the dropdown",
    "expected": "Should be able to select the year of registration from the dropdown",
    "Actual": "",
    "Status": "",
    "Browser": "",
    "Screenname": "",
    "fieldName": "Year of registration",
    "fieldType": "comboBox",
    "keyword": "input",
    "xpath": "//*[@id=\"formViews\"]/div/div[1]/form/div/h5[1]/md-input-container[3]",
    "xPath_Hexa": "2f2f2a5b4069643d22666f726d5669657773225d2f6469762f6469765b315d2f666f726d2f6469762f68355b315d2f6d642d696e7075742d636f6e7461696e65725b335da",
    "testData": 2015,
    "Execution Date": "",
    "ExecutionTime": "",
    "SystemExecutedOn": ""
  },
  {
    "stepNo": 9,
    "scriptName": "Select the Car insurance product and enter the details for the quotes",
    "scriptId": "SN002",
    "stepId": "SN002.7",
    "fieldId": "SN002FID7",
    "stepDescription": "Select the \"Marital status\" from the dropdown",
    "expected": "Should be able to select the marital status from the dropdown",
    "Actual": "",
    "Status": "",
    "Browser": "",
    "Screenname": "",
    "fieldName": "Marital status",
    "fieldType": "comboBox",
    "keyword": "input",
    "xpath": "//*[@id=\"formViews\"]/div/div[1]/form/div/h5[2]/md-input-container[1]",
    "xPath_Hexa": "2f2f2a5b4069643d22666f726d5669657773225d2f6469762f6469765b315d2f666f726d2f6469762f68355b325d2f6d642d696e7075742d636f6e7461696e65725b315d",
    "testData": "Single",
    "Execution Date": "",
    "ExecutionTime": "",
    "SystemExecutedOn": ""
  },
  {
    "stepNo": 10,
    "scriptName": "Select the Car insurance product and enter the details for the quotes",
    "scriptId": "SN002",
    "stepId": "SN002.8",
    "fieldId": "SN002FID8",
    "stepDescription": "Select the \"gender\" from the dropdown",
    "expected": "Should be able to select the gender from the dropdown",
    "Actual": "",
    "Status": "",
    "Browser": "",
    "Screenname": "",
    "fieldName": "Gender",
    "fieldType": "comboBox",
    "keyword": "input",
    "xpath": "//*[@id=\"formViews\"]/div/div[1]/form/div/h5[2]/md-input-container[2]",
    "xPath_Hexa": "2f2f2a5b4069643d22666f726d5669657773225d2f6469762f6469765b315d2f666f726d2f6469762f68355b325d2f6d642d696e7075742d636f6e7461696e65725b325d",
    "testData": "Male",
    "Execution Date": "",
    "ExecutionTime": "",
    "SystemExecutedOn": ""
  },
  {
    "stepNo": 11,
    "scriptName": "Select the Car insurance product and enter the details for the quotes",
    "scriptId": "SN002",
    "stepId": "SN002.9",
    "fieldId": "SN002FID9",
    "stepDescription": "Select the \"born in year\" from the dropdown",
    "expected": "Should be able to select the year of birth from the dropdown",
    "Actual": "",
    "Status": "",
    "Browser": "",
    "Screenname": "",
    "fieldName": "Born in year",
    "fieldType": "comboBox",
    "keyword": "input",
    "xpath": "//*[@id=\"formViews\"]/div/div[1]/form/div/h5[2]/md-input-container[3]",
    "xPath_Hexa": "2f2f2a5b4069643d22666f726d5669657773225d2f6469762f6469765b315d2f666f726d2f6469762f68355b325d2f6d642d696e7075742d636f6e7461696e65725b335d",
    "testData": 1980,
    "Execution Date": "",
    "ExecutionTime": "",
    "SystemExecutedOn": ""
  },
  {
    "stepNo": 12,
    "scriptName": "Select the Car insurance product and enter the details for the quotes",
    "scriptId": "SN002",
    "stepId": "SN002.10",
    "fieldId": "SN002FID10",
    "stepDescription": "Select the \"number of years of driving\" from the dropdown",
    "expected": "Should be able to select the no of years of driving from the dropdown",
    "Actual": "",
    "Status": "",
    "Browser": "",
    "Screenname": "",
    "fieldName": "No of years driving",
    "fieldType": "comboBox",
    "keyword": "input",
    "xpath": "//*[@id=\"formViews\"]/div/div[1]/form/div/h5[3]/md-input-container[1]",
    "xPath_Hexa": "2f2f2a5b4069643d22666f726d5669657773225d2f6469762f6469765b315d2f666f726d2f6469762f68355b335d2f6d642d696e7075742d636f6e7461696e65725b315d",
    "testData": "Three or more",
    "Execution Date": "",
    "ExecutionTime": "",
    "SystemExecutedOn": ""
  },
  {
    "stepNo": 13,
    "scriptName": "Select the Car insurance product and enter the details for the quotes",
    "scriptId": "SN002",
    "stepId": "SN002.11",
    "fieldId": "SN002FID11",
    "stepDescription": "Select the \"number of Claims made\" from the dropdown",
    "expected": "Should be able to select the no of claims made from the dropdown",
    "Actual": "",
    "Status": "",
    "Browser": "",
    "Screenname": "",
    "fieldName": "No of claims",
    "fieldType": "comboBox",
    "keyword": "input",
    "xpath": "//*[@id=\"formViews\"]/div/div[1]/form/div/h5[3]/span[1]/md-input-container",
    "xPath_Hexa": "2f2f2a5b4069643d22666f726d5669657773225d2f6469762f6469765b315d2f666f726d2f6469762f68355b335d2f7370616e5b315d2f6d642d696e7075742d636f6e7461696e6572",
    "testData": 1,
    "Execution Date": "",
    "ExecutionTime": "",
    "SystemExecutedOn": ""
  },
  {
    "stepNo": 14,
    "scriptName": "Select the Car insurance product and enter the details for the quotes",
    "scriptId": "SN002",
    "stepId": "SN002.12",
    "fieldId": "SN002FID12",
    "stepDescription": "Select the \"NCD%\" from the dropdown",
    "expected": "Should be able to select the NCD% from the dropdown",
    "Actual": "",
    "Status": "",
    "Browser": "",
    "Screenname": "",
    "fieldName": "NCD%",
    "fieldType": "comboBox",
    "keyword": "input",
    "xpath": "//*[@id=\"formViews\"]/div/div[1]/form/div/h5[3]/md-input-container[2]",
    "xPath_Hexa": "2f2f2a5b4069643d22666f726d5669657773225d2f6469762f6469765b315d2f666f726d2f6469762f68355b335d2f6d642d696e7075742d636f6e7461696e65725b325da",
    "testData": "30%",
    "Execution Date": "",
    "ExecutionTime": "",
    "SystemExecutedOn": ""
  },
  {
    "stepNo": 15,
    "scriptName": "Select the Car insurance product and enter the details for the quotes",
    "scriptId": "SN002",
    "stepId": "SN002.13",
    "fieldId": "SN002FID13",
    "stepDescription": "Select the \"Demerit points\" details from the dropdown",
    "expected": "Should be able to select the Demerit points from the dropdown",
    "Actual": "",
    "Status": "",
    "Browser": "",
    "Screenname": "",
    "fieldName": "Demerit points",
    "fieldType": "comboBox",
    "keyword": "input",
    "xpath": "//*[@id=\"formViews\"]/div/div[1]/form/div/h5[3]/md-input-container[3]",
    "xPath_Hexa": "2f2f2a5b4069643d22666f726d5669657773225d2f6469762f6469765b315d2f666f726d2f6469762f68355b335d2f6d642d696e7075742d636f6e7461696e65725b335da",
    "testData": "Demerit Points Free",
    "Execution Date": "",
    "ExecutionTime": "",
    "SystemExecutedOn": ""
  },
  {
    "stepNo": 16,
    "scriptName": "Select the Car insurance product and enter the details for the quotes",
    "scriptId": "SN002",
    "stepId": "SN002.14",
    "fieldId": "SN002FID14",
    "stepDescription": "Click on  the \"Next\" button",
    "expected": "Page srolls down and ask for promo code",
    "Actual": "",
    "Status": "",
    "Browser": "",
    "Screenname": "",
    "fieldName": "Next button",
    "fieldType": "button",
    "keyword": "input",
    "xpath": "//*[@id=\"CI_GetQuotepage_Next_1\"]",
    "xPath_Hexa": "2f2f2a5b4069643d2243495f47657451756f7465706167655f4e6578745f31225d",
    "testData": "",
    "Execution Date": "",
    "ExecutionTime": "",
    "SystemExecutedOn": ""
  },
  {
    "stepNo": 18,
    "scriptName": "Select the Car insurance product and enter the details for the quotes",
    "scriptId": "SN002",
    "stepId": "SN002.16",
    "fieldId": "SN002FID16",
    "stepDescription": "Click on the \"Skip\" button",
    "expected": "Page srolls down and ask for getting extra off",
    "Actual": "",
    "Status": "",
    "Browser": "",
    "Screenname": "",
    "fieldName": "Skip button",
    "fieldType": "button",
    "keyword": "input",
    "xpath": "//*[@id=\"CI_GetQuotepage_Promo_Skip\"]",
    "xPath_Hexa": "2f2f2a5b4069643d2243495f47657451756f7465706167655f50726f6d6f5f536b6970225d",
    "testData": "",
    "Execution Date": "",
    "ExecutionTime": "",
    "SystemExecutedOn": ""
  },
  {
    "stepNo": 19,
    "scriptName": "Select the Car insurance product and enter the details for the quotes",
    "scriptId": "SN002",
    "stepId": "SN002.17",
    "fieldId": "SN002FID17",
    "stepDescription": "Click on the \"Yes, I want the discount\" button",
    "expected": "Tell us a bit more about you\" window opens",
    "Actual": "",
    "Status": "",
    "Browser": "",
    "Screenname": "",
    "fieldName": "yes, I want the discount\" button",
    "fieldType": "button",
    "keyword": "input",
    "xpath": "//*[@id=\"CI_GetQuotepage_Discount_Yes\"]",
    "xPath_Hexa": "2f2f2a5b4069643d2243495f47657451756f7465706167655f446973636f756e745f596573225d",
    "testData": "",
    "Execution Date": "",
    "ExecutionTime": "",
    "SystemExecutedOn": ""
  },
  {
    "stepNo": "",
    "scriptName": "",
    "scriptId": "",
    "stepId": "",
    "fieldId": "",
    "stepDescription": "",
    "expected": "",
    "Actual": "",
    "Status": "",
    "Browser": "",
    "Screenname": "",
    "fieldName": "",
    "fieldType": "",
    "keyword": "",
    "xpath": "",
    "xPath_Hexa": "",
    "testData": "",
    "Execution Date": "",
    "ExecutionTime": "",
    "SystemExecutedOn": ""
  },
  {
    "stepNo": 20,
    "scriptName": "Select the Car insurance product and enter the details for the quotes",
    "scriptId": "SN002",
    "stepId": "SN002.18",
    "fieldId": "SN002FID18",
    "stepDescription": "Select the \"country\"from the dropdown",
    "expected": "Should be able to select the Country from the dropdown",
    "Actual": "",
    "Status": "",
    "Browser": "",
    "Screenname": "",
    "fieldName": "Country",
    "fieldType": "comboBox",
    "keyword": "input",
    "xpath": "//*[@id=\"formViews\"]/div/form/div/h5[1]/md-input-container[1]",
    "xPath_Hexa": "2f2f2a5b4069643d22666f726d5669657773225d2f6469762f666f726d2f6469762f68355b315d2f6d642d696e7075742d636f6e7461696e65725b315d",
    "testData": "Singapore",
    "Execution Date": "",
    "ExecutionTime": "",
    "SystemExecutedOn": ""
  },
  {
    "stepNo": 21,
    "scriptName": "Select the Car insurance product and enter the details for the quotes",
    "scriptId": "SN002",
    "stepId": "SN002.19",
    "fieldId": "SN002FID19",
    "stepDescription": "Select the \"industry/occupation\" from the dropdown",
    "expected": "Should be able to select the industry/occupation from the dropdown",
    "Actual": "",
    "Status": "",
    "Browser": "",
    "Screenname": "",
    "fieldName": "Industry/occupation",
    "fieldType": "comboBox",
    "keyword": "input",
    "xpath": "//*[@id=\"formViews\"]/div/form/div/h5[1]/md-input-container[2]",
    "xPath_Hexa": "2f2f2a5b4069643d22666f726d5669657773225d2f6469762f666f726d2f6469762f68355b315d2f6d642d696e7075742d636f6e7461696e65725b325d",
    "testData": "Private Sector - IT",
    "Execution Date": "",
    "ExecutionTime": "",
    "SystemExecutedOn": ""
  },
  {
    "stepNo": 22,
    "scriptName": "Select the Car insurance product and enter the details for the quotes",
    "scriptId": "SN002",
    "stepId": "SN002.20",
    "fieldId": "SN002FID20",
    "stepDescription": "Select the \"property ownership\" from the dropdown",
    "expected": "Should be able to select the property ownership from the dropdown",
    "Actual": "",
    "Status": "",
    "Browser": "",
    "Screenname": "",
    "fieldName": "property ownership",
    "fieldType": "comboBox",
    "keyword": "input",
    "xpath": "//*[@id=\"formViews\"]/div/form/div/h5[2]/md-input-container[1]",
    "xPath_Hexa": "2f2f2a5b4069643d22666f726d5669657773225d2f6469762f666f726d2f6469762f68355b325d2f6d642d696e7075742d636f6e7461696e65725b315d",
    "testData": "My own",
    "Execution Date": "",
    "ExecutionTime": "",
    "SystemExecutedOn": ""
  },
  {
    "stepNo": 23,
    "scriptName": "Select the Car insurance product and enter the details for the quotes",
    "scriptId": "SN002",
    "stepId": "SN002.21",
    "fieldId": "SN002FID21",
    "stepDescription": "Select the \"house type\" from the dropdown",
    "expected": "Should be able to select the house type from the dropdown",
    "Actual": "",
    "Status": "",
    "Browser": "",
    "Screenname": "",
    "fieldName": "house type",
    "fieldType": "comboBox",
    "keyword": "input",
    "xpath": "//*[@id=\"formViews\"]/div/form/div/h5[2]/md-input-container[2]",
    "xPath_Hexa": "2f2f2a5b4069643d22666f726d5669657773225d2f6469762f666f726d2f6469762f68355b325d2f6d642d696e7075742d636f6e7461696e65725b325d",
    "testData": "Landed property",
    "Execution Date": "",
    "ExecutionTime": "",
    "SystemExecutedOn": ""
  },
  {
    "stepNo": 24,
    "scriptName": "Select the Car insurance product and enter the details for the quotes",
    "scriptId": "SN002",
    "stepId": "SN002.22",
    "fieldId": "SN002FID22",
    "stepDescription": "Select the \"annual milage\" from the dropdown",
    "expected": "Should be able to select the annual milage from the dropdown",
    "Actual": "",
    "Status": "",
    "Browser": "",
    "Screenname": "",
    "fieldName": "annual milage",
    "fieldType": "comboBox",
    "keyword": "input",
    "xpath": "//*[@id=\"formViews\"]/div/form/div/h5[3]/md-input-container",
    "xPath_Hexa": "2f2f2a5b4069643d22666f726d5669657773225d2f6469762f666f726d2f6469762f68355b335d2f6d642d696e7075742d636f6e7461696e6572",
    "testData": "Between 20,000 and 30,000km",
    "Execution Date": "",
    "ExecutionTime": "",
    "SystemExecutedOn": ""
  },
  {
    "stepNo": 26,
    "scriptName": "Select the Car insurance product and enter the details for the quotes",
    "scriptId": "SN002",
    "stepId": "SN002.24",
    "fieldId": "SN002FID24",
    "stepDescription": "Click on the \"Next\" button",
    "expected": "here you go window opens with all the details entered",
    "Actual": "",
    "Status": "",
    "Browser": "",
    "Screenname": "",
    "fieldName": "Next button",
    "fieldType": "button",
    "keyword": "input",
    "xpath": "//*[@id=\"CI_Optfordiscount_Discount_Next\"]",
    "xPath_Hexa": "2f2f2a5b4069643d2243495f4f7074666f72646973636f756e745f446973636f756e745f4e657874225d",
    "testData": "",
    "Execution Date": "",
    "ExecutionTime": "",
    "SystemExecutedOn": ""
  },
  {
    "stepNo": 27,
    "scriptName": "Select the Car insurance product and enter the details for the quotes",
    "scriptId": "SN002",
    "stepId": "SN002.25",
    "fieldId": "SN002FID25",
    "stepDescription": "verify the premium amount displayed for classic premium",
    "expected": "the classic premeium should be equal to \"S$2,385.47",
    "Actual": "",
    "Status": "",
    "Browser": "",
    "Screenname": "",
    "fieldName": "Classic Plan",
    "fieldType": "Text",
    "keyword": "Verify",
    "xpath": "//*[@id=\"mCSB_1_container\"]/div/div/div[2]/div[2]/div/h2",
    "xPath_Hexa": "2f2f2a5b4069643d226d4353425f315f636f6e7461696e6572225d2f6469762f6469762f6469765b325d2f6469765b325d2f6469762f6832",
    "testData": "S$1,134.10",
    "Execution Date": "",
    "ExecutionTime": "",
    "SystemExecutedOn": ""
  },
  {
    "stepNo": 28,
    "scriptName": "Select the Car insurance product and enter the details for the quotes",
    "scriptId": "SN002",
    "stepId": "SN002.26",
    "fieldId": "SN002FID26",
    "stepDescription": "Click on the \"Buy\" button under the classic premium option",
    "expected": "user should be able to select and buy the classic premium option",
    "Actual": "",
    "Status": "",
    "Browser": "",
    "Screenname": "",
    "fieldName": "buy classic button",
    "fieldType": "button",
    "keyword": "input",
    "xpath": "//*[@id=\"CI_QuoteSummarypage_Classic_Buy\"]",
    "xPath_Hexa": "2f2f2a5b4069643d2243495f51756f746553756d6d617279706167655f436c61737369635f427579225d",
    "testData": "",
    "Execution Date": "",
    "ExecutionTime": "",
    "SystemExecutedOn": ""
  },
  {
    "stepNo": 29,
    "scriptName": "Select the Car insurance product and enter the details for the quotes",
    "scriptId": "SN002",
    "stepId": "SN002.27",
    "fieldId": "SN002FID27",
    "stepDescription": "Click on the \"Yes, continue\" button on the information confirmation screen to enter enhancement details",
    "expected": "user should be able to click on the \"yes, continue\" button",
    "Actual": "",
    "Status": "",
    "Browser": "",
    "Screenname": "",
    "fieldName": "Yes continue button",
    "fieldType": "button",
    "keyword": "input",
    "xpath": "//*[@id=\"CI_BuyEnhacements_Continue_Yes\"]",
    "xPath_Hexa": "2f2f2a5b4069643d2243495f427579456e686163656d656e74735f436f6e74696e75655f596573225d",
    "testData": "",
    "Execution Date": "",
    "ExecutionTime": "",
    "SystemExecutedOn": ""
  },
  {
    "stepNo": 30,
    "scriptName": "Enter enhancement details",
    "scriptId": "SN003",
    "stepId": "SN003.1",
    "fieldId": "SN003FID1",
    "stepDescription": "Click on the \"Next\" button in enhancement screen",
    "expected": "user should be able to click on the \"Next\" button",
    "Actual": "",
    "Status": "",
    "Browser": "",
    "Screenname": "Enhancement Details",
    "fieldName": "Next button",
    "fieldType": "button",
    "keyword": "input",
    "xpath": ".//*[@id='CI_BuyEnhacements_Next_Submit']",
    "xPath_Hexa": "2e2f2f2a5b4069643d2743495f427579456e686163656d656e74735f4e6578745f5375626d6974275d",
    "testData": "",
    "Execution Date": "",
    "ExecutionTime": "",
    "SystemExecutedOn": ""
  },
  {
    "stepNo": 31,
    "scriptName": "Enter driver details",
    "scriptId": "SN004",
    "stepId": "SN004.1",
    "fieldId": "SN004FID1",
    "stepDescription": "Enter the drive Full name (as on NRIC/FIN)",
    "expected": "Should be able to enter the driver name",
    "Actual": "",
    "Status": "",
    "Browser": "",
    "Screenname": "Driver Details",
    "fieldName": "Driver Full name",
    "fieldType": "textbox",
    "keyword": "input",
    "xpath": ".//*[@id='applicationForm']/div[1]/div[2]/input",
    "xPath_Hexa": "2e2f2f2a5b4069643d276170706c69636174696f6e466f726d275d2f6469765b315d2f6469765b325d2f696e707574",
    "testData": "James Loke",
    "Execution Date": "",
    "ExecutionTime": "",
    "SystemExecutedOn": ""
  },
  {
    "stepNo": 32,
    "scriptName": "Enter driver details",
    "scriptId": "SN004",
    "stepId": "SN004.2",
    "fieldId": "SN004FID2",
    "stepDescription": "Enter the Preferred name\n(if you’d like to be addressed differently)",
    "expected": "should be able to enter the preffered name",
    "Actual": "",
    "Status": "",
    "Browser": "",
    "Screenname": "Driver Details",
    "fieldName": "Driver Preferred name",
    "fieldType": "textbox",
    "keyword": "input",
    "xpath": "//*[@id=\"applicationForm\"]/div[2]/div[2]/input",
    "xPath_Hexa": "2f2f2a5b4069643d226170706c69636174696f6e466f726d225d2f6469765b325d2f6469765b325d2f696e707574",
    "testData": "James Loke",
    "Execution Date": "",
    "ExecutionTime": "",
    "SystemExecutedOn": ""
  },
  {
    "stepNo": 33,
    "scriptName": "Enter driver details",
    "scriptId": "SN004",
    "stepId": "SN004.3",
    "fieldId": "SN004FID3",
    "stepDescription": "Enter the driver email id",
    "expected": "should be able to enter the email id",
    "Actual": "",
    "Status": "",
    "Browser": "",
    "Screenname": "Driver Details",
    "fieldName": "Driver email",
    "fieldType": "textbox",
    "keyword": "input",
    "xpath": "//*[@id='applicationForm']/div[3]/div[2]/input",
    "xPath_Hexa": "2f2f2a5b4069643d276170706c69636174696f6e466f726d275d2f6469765b335d2f6469765b325d2f696e707574",
    "testData": "srijit.das@tristhaglobal.com",
    "Execution Date": "",
    "ExecutionTime": "",
    "SystemExecutedOn": ""
  },
  {
    "stepNo": 34,
    "scriptName": "Enter driver details",
    "scriptId": "SN004",
    "stepId": "SN004.4",
    "fieldId": "SN004FID4",
    "stepDescription": "Enter the driver Mobile number",
    "expected": "should be able to enter the mobile number",
    "Actual": "",
    "Status": "",
    "Browser": "",
    "Screenname": "Driver Details",
    "fieldName": "Driver mobile number",
    "fieldType": "textbox",
    "keyword": "input",
    "xpath": "//*[@id='applicationForm']/div[4]/div[2]/input",
    "xPath_Hexa": "2f2f2a5b4069643d276170706c69636174696f6e466f726d275d2f6469765b345d2f6469765b325d2f696e707574",
    "testData": 97524582,
    "Execution Date": "",
    "ExecutionTime": "",
    "SystemExecutedOn": ""
  },
  {
    "stepNo": 35,
    "scriptName": "Enter driver details",
    "scriptId": "SN004",
    "stepId": "SN004.5",
    "fieldId": "SN004FID5",
    "stepDescription": "Enter the Date of birth",
    "expected": "should be able to enter the date of birth",
    "Actual": "",
    "Status": "",
    "Browser": "",
    "Screenname": "Driver Details",
    "fieldName": "Date of birth",
    "fieldType": "textbox",
    "keyword": "input",
    "xpath": "//*[@id=\"applicationForm\"]/div[7]/div[2]/div/div[1]/input",
    "xPath_Hexa": "2f2f2a5b4069643d226170706c69636174696f6e466f726d225d2f6469765b375d2f6469765b325d2f6469762f6469765b315d2f696e707574",
    "testData": "20-06-1980",
    "Execution Date": "",
    "ExecutionTime": "",
    "SystemExecutedOn": ""
  },
  {
    "stepNo": 36,
    "scriptName": "Enter driver details",
    "scriptId": "SN004",
    "stepId": "SN004.6",
    "fieldId": "SN004FID6",
    "stepDescription": "Enter the NRIC/FIN",
    "expected": "should be able to enter the NRIC/FIN details",
    "Actual": "",
    "Status": "",
    "Browser": "",
    "Screenname": "Driver Details",
    "fieldName": "NRIC_FIN",
    "fieldType": "textbox",
    "keyword": "input",
    "xpath": "//*[@id='applicationForm']/div[6]/div[2]/input",
    "xPath_Hexa": "2f2f2a5b4069643d276170706c69636174696f6e466f726d275d2f6469765b365d2f6469765b325d2f696e707574a",
    "testData": "S1739256E",
    "Execution Date": "",
    "ExecutionTime": "",
    "SystemExecutedOn": ""
  },
  {
    "stepNo": 37,
    "scriptName": "Enter driver details",
    "scriptId": "SN004",
    "stepId": "SN004.7",
    "fieldId": "SN004FID7",
    "stepDescription": "Enter the Postal code",
    "expected": "should be able to enter the Postal code",
    "Actual": "",
    "Status": "",
    "Browser": "",
    "Screenname": "Driver Details",
    "fieldName": "Postal code",
    "fieldType": "textbox",
    "keyword": "input",
    "xpath": "//*[@id='applicationForm']/div[7]/div[2]/div/div[1]/input",
    "xPath_Hexa": "2f2f2a5b4069643d276170706c69636174696f6e466f726d275d2f6469765b375d2f6469765b325d2f6469762f6469765b315d2f696e707574a",
    "testData": 100077,
    "Execution Date": "",
    "ExecutionTime": "",
    "SystemExecutedOn": ""
  },
  {
    "stepNo": 38,
    "scriptName": "Enter driver details",
    "scriptId": "SN004",
    "stepId": "SN004.8",
    "fieldId": "SN004FID8",
    "stepDescription": "Click on the \"get address\" button",
    "expected": "should be able to click on the get address button after entering the postal code",
    "Actual": "",
    "Status": "",
    "Browser": "",
    "Screenname": "Driver Details",
    "fieldName": "get address button",
    "fieldType": "button",
    "keyword": "input",
    "xpath": "//*[@id='applicationForm']/div[7]/div[2]/div/div[2]/button",
    "xPath_Hexa": "2f2f2a5b4069643d276170706c69636174696f6e466f726d275d2f6469765b375d2f6469765b325d2f6469762f6469765b325d2f627574746f6e",
    "testData": "",
    "Execution Date": "",
    "ExecutionTime": "",
    "SystemExecutedOn": ""
  },
  {
    "stepNo": 39,
    "scriptName": "Enter driver details",
    "scriptId": "SN004",
    "stepId": "SN004.9",
    "fieldId": "SN004FID9",
    "stepDescription": "Enter the unit details",
    "expected": "Should be able to enter the unit details",
    "Actual": "",
    "Status": "",
    "Browser": "",
    "Screenname": "Driver Details",
    "fieldName": "Unit",
    "fieldType": "textbox",
    "keyword": "input",
    "xpath": "//*[@id='applicationForm']/div[9]/div[2]/input",
    "xPath_Hexa": "2f2f2a5b4069643d276170706c69636174696f6e466f726d275d2f6469765b395d2f6469765b325d2f696e707574",
    "testData": "12-23d",
    "Execution Date": "",
    "ExecutionTime": "",
    "SystemExecutedOn": ""
  },
  {
    "stepNo": 40,
    "scriptName": "Enter driver details",
    "scriptId": "SN004",
    "stepId": "SN004.10",
    "fieldId": "SN004FID10",
    "stepDescription": "Enter the \"Policy start date",
    "expected": "Should be able to enter the Policy start date",
    "Actual": "",
    "Status": "",
    "Browser": "",
    "Screenname": "Driver Details",
    "fieldName": "Policy start date",
    "fieldType": "textbox",
    "keyword": "input",
    "xpath": "//*[@id=\"applicationForm\"]/div[10]/div[2]/div/div[1]/input",
    "xPath_Hexa": "2f2f2a5b4069643d226170706c69636174696f6e466f726d225d2f6469765b31305d2f6469765b325d2f6469762f6469765b315d2f696e707574",
    "testData": "13-09-2017",
    "Execution Date": "",
    "ExecutionTime": "",
    "SystemExecutedOn": ""
  },
  {
    "stepNo": 41,
    "scriptName": "Enter driver details",
    "scriptId": "SN004",
    "stepId": "SN004.11",
    "fieldId": "SN004FID11",
    "stepDescription": "Enter the \"Car plate number",
    "expected": "Should be able to enter the Car plate number",
    "Actual": "",
    "Status": "",
    "Browser": "",
    "Screenname": "Driver Details",
    "fieldName": "Car plate number",
    "fieldType": "textbox",
    "keyword": "input",
    "xpath": "//*[@id='applicationForm']/div[11]/div[2]/input",
    "xPath_Hexa": "2f2f2a5b4069643d276170706c69636174696f6e466f726d275d2f6469765b31315d2f6469765b325d2f696e707574",
    "testData": "SKY132A",
    "Execution Date": "",
    "ExecutionTime": "",
    "SystemExecutedOn": ""
  },
  {
    "stepNo": 42,
    "scriptName": "Enter driver details",
    "scriptId": "SN004",
    "stepId": "SN004.12",
    "fieldId": "SN004FID12",
    "stepDescription": "Enter the \"Finance company",
    "expected": "Should be able to enter the Finance company name",
    "Actual": "",
    "Status": "",
    "Browser": "",
    "Screenname": "Driver Details",
    "fieldName": "Finance company",
    "fieldType": "textbox",
    "keyword": "input",
    "xpath": "//*[@id=\"input-708\"]",
    "xPath_Hexa": "2f2f2a5b4069643d22696e7075742d373038225d",
    "testData": "DBS Bank Ltd",
    "Execution Date": "",
    "ExecutionTime": "",
    "SystemExecutedOn": ""
  },
  {
    "stepNo": 43,
    "scriptName": "Enter the driver details",
    "scriptId": "SN004",
    "stepId": "SN004.14",
    "fieldId": "SN004FID14",
    "stepDescription": "Click on the check button to give consent",
    "expected": "user should be able to give consent",
    "Actual": "",
    "Status": "",
    "Browser": "",
    "Screenname": "Driver Details",
    "fieldName": "Consent check box",
    "fieldType": "checkbox",
    "keyword": "input",
    "xpath": "//*[@id='applicationForm']/div[13]/div[1]/div[1]/md-checkbox/div[1]",
    "xPath_Hexa": "2f2f2a5b4069643d276170706c69636174696f6e466f726d275d2f6469765b31335d2f6469765b315d2f6469765b315d2f6d642d636865636b626f782f6469765b315d",
    "testData": "check",
    "Execution Date": "",
    "ExecutionTime": "",
    "SystemExecutedOn": ""
  },
  {
    "stepNo": 44,
    "scriptName": "Enter the driver details",
    "scriptId": "SN004",
    "stepId": "SN004.13",
    "fieldId": "SN004FID13",
    "stepDescription": "Click on the \"Next\" button on the driver details screen",
    "expected": "The user should be able be click the next button",
    "Actual": "",
    "Status": "",
    "Browser": "",
    "Screenname": "Driver Details",
    "fieldName": "next button",
    "fieldType": "button",
    "keyword": "input",
    "xpath": "//*[@id=\"CI_Application_Next\"]",
    "xPath_Hexa": "2f2f2a5b4069643d2243495f4170706c69636174696f6e5f4e657874225d",
    "testData": "",
    "Execution Date": "",
    "ExecutionTime": "",
    "SystemExecutedOn": ""
  },
  {
    "stepNo": 45,
    "scriptName": "Summary page",
    "scriptId": "SN005",
    "stepId": "SN005.3",
    "fieldId": "SN005FID3",
    "stepDescription": "verify the premium amount displayed in the lower panel of the webpage",
    "expected": "The premium amount should be equal to S$2,385.47",
    "Actual": "",
    "Status": "",
    "Browser": "",
    "Screenname": "Summary Screen",
    "fieldName": "You pay field",
    "fieldType": "text",
    "keyword": "Verify",
    "xpath": "//*[@id=\"nettPremium\"]",
    "xPath_Hexa": "2f2f2a5b4069643d226e6574745072656d69756d225d",
    "testData": "S$1134.10",
    "Execution Date": "",
    "ExecutionTime": "",
    "SystemExecutedOn": ""
  },
  {
    "stepNo": 46,
    "scriptName": "Summary page",
    "scriptId": "SN005",
    "stepId": "SN005.4",
    "fieldId": "SN005FID4",
    "stepDescription": "Click on the \"proceed to pay\" button",
    "expected": "user should be able to click on proceed to pay button",
    "Actual": "",
    "Status": "",
    "Browser": "",
    "Screenname": "Summary Screen",
    "fieldName": "proceed to pay button",
    "fieldType": "button",
    "keyword": "input",
    "xpath": "//*[@id='CI_Confirmationpage_ProceedToPay_more']",
    "xPath_Hexa": "2f2f2a5b4069643d2743495f436f6e6669726d6174696f6e706167655f50726f63656564546f5061795f6d6f7265275d",
    "testData": "",
    "Execution Date": "",
    "ExecutionTime": "",
    "SystemExecutedOn": ""
  },
  {
    "stepNo": 47,
    "scriptName": "Payment Processing",
    "scriptId": "SN006",
    "stepId": "SN006.1",
    "fieldId": "SN006FID1",
    "stepDescription": "Click on \"yes\" button in the before you proceed to pay window to pay with instalments",
    "expected": "user should be able to click on yes button",
    "Actual": "",
    "Status": "",
    "Browser": "",
    "Screenname": "teleElecctronicMoneyPayment",
    "fieldName": "yes button",
    "fieldType": "button",
    "keyword": "input",
    "xpath": "//*[@id=\"CI_Paymenttype_Option_Yes\"]",
    "xPath_Hexa": "2f2f2a5b4069643d2243495f5061796d656e74747970655f4f7074696f6e5f596573225d",
    "testData": "",
    "Execution Date": "",
    "ExecutionTime": "",
    "SystemExecutedOn": ""
  },
  {
    "stepNo": 48,
    "scriptName": "Payment Processing",
    "scriptId": "SN006",
    "stepId": "SN006.2",
    "fieldId": "SN006FID2",
    "stepDescription": "Click on the VISA image",
    "expected": "user should be able to click on VISA image and move to payment card details page",
    "Actual": "",
    "Status": "",
    "Browser": "",
    "Screenname": "teleElecctronicMoneyPayment",
    "fieldName": "VISA image",
    "fieldType": "button",
    "keyword": "input",
    "xpath": "//*[@id=\"logo\"]",
    "xPath_Hexa": "2f2f2a5b4069643d226c6f676f225da",
    "testData": "",
    "Execution Date": "",
    "ExecutionTime": "",
    "SystemExecutedOn": ""
  },
  {
    "stepNo": 49,
    "scriptName": "Payment Processing",
    "scriptId": "SN006",
    "stepId": "SN006.3",
    "fieldId": "SN006FID3",
    "stepDescription": "Enter the \"credit card number",
    "expected": "user should be able to enter the credit card number",
    "Actual": "",
    "Status": "",
    "Browser": "",
    "Screenname": "teleElecctronicMoneyPayment",
    "fieldName": "Credit Card number",
    "fieldType": "Text box",
    "keyword": "input",
    "xpath": "//*[@id=\"creditCardNum\"]",
    "xPath_Hexa": "2f2f2a5b4069643d22637265646974436172644e756d225d",
    "testData": 4005550000000000,
    "Execution Date": "",
    "ExecutionTime": "",
    "SystemExecutedOn": ""
  },
  {
    "stepNo": 50,
    "scriptName": "Payment Processing",
    "scriptId": "SN006",
    "stepId": "SN006.4",
    "fieldId": "SN006FID4",
    "stepDescription": "Select the expiry month of the card in the drop down list",
    "expected": "user should be able to select the expiry month",
    "Actual": "",
    "Status": "",
    "Browser": "",
    "Screenname": "teleElecctronicMoneyPayment",
    "fieldName": "Expiry date",
    "fieldType": "Dropdown",
    "keyword": "input",
    "xpath": "//*[@id=\"easyPayRequest\"]/div[3]/select[1]",
    "xPath_Hexa": "2f2f2a5b4069643d226561737950617952657175657374225d2f6469765b335d2f73656c6563745b315d",
    "testData": "Apr",
    "Execution Date": "",
    "ExecutionTime": "",
    "SystemExecutedOn": ""
  },
  {
    "stepNo": 51,
    "scriptName": "Payment Processing",
    "scriptId": "SN006",
    "stepId": "SN006.5",
    "fieldId": "SN006FID5",
    "stepDescription": "Select the expiry year of the card in the drop down list",
    "expected": "user should be able to select the expiry year",
    "Actual": "",
    "Status": "",
    "Browser": "",
    "Screenname": "teleElecctronicMoneyPayment",
    "fieldName": "Expiry date",
    "fieldType": "Dropdown",
    "keyword": "input",
    "xpath": "//*[@id=\"easyPayRequest\"]/div[3]/select[2]",
    "xPath_Hexa": "2f2f2a5b4069643d226561737950617952657175657374225d2f6469765b335d2f73656c6563745b325d",
    "testData": 2018,
    "Execution Date": "",
    "ExecutionTime": "",
    "SystemExecutedOn": ""
  },
  {
    "stepNo": 52,
    "scriptName": "Payment Processing",
    "scriptId": "SN006",
    "stepId": "SN006.6",
    "fieldId": "SN006FID6",
    "stepDescription": "Enter the \"CVV2\" number",
    "expected": "user should be able to enter the CVV2 number",
    "Actual": "",
    "Status": "",
    "Browser": "",
    "Screenname": "teleElecctronicMoneyPayment",
    "fieldName": "CVV2",
    "fieldType": "Text box",
    "keyword": "input",
    "xpath": "//*[@id='creditCardCvv2']",
    "xPath_Hexa": "2f2f2a5b4069643d276372656469744361726443767632275da",
    "testData": 602,
    "Execution Date": "",
    "ExecutionTime": "",
    "SystemExecutedOn": ""
  },
  {
    "stepNo": 53,
    "scriptName": "Payment Processing",
    "scriptId": "SN006",
    "stepId": "SN006.7",
    "fieldId": "SN006FID7",
    "stepDescription": "Enter the \"Card Holder Name",
    "expected": "user should be able to enter the Card holder name",
    "Actual": "",
    "Status": "",
    "Browser": "",
    "Screenname": "teleElecctronicMoneyPayment",
    "fieldName": "Card Holder name",
    "fieldType": "Text box",
    "keyword": "input",
    "xpath": "//*[@id='creditCardName']",
    "xPath_Hexa": "2f2f2a5b4069643d27637265646974436172644e616d65275da",
    "testData": "James",
    "Execution Date": "",
    "ExecutionTime": "",
    "SystemExecutedOn": ""
  },
  {
    "stepNo": 54,
    "scriptName": "Payment Processing",
    "scriptId": "SN006",
    "stepId": "SN006.8",
    "fieldId": "SN006FID8",
    "stepDescription": "Click on the \"Submit\" button",
    "expected": "user should be able to click on the submit button",
    "Actual": "",
    "Status": "",
    "Browser": "",
    "Screenname": "teleElecctronicMoneyPayment",
    "fieldName": "submit button",
    "fieldType": "button",
    "keyword": "input",
    "xpath": "//*[@id='submitBtn']",
    "xPath_Hexa": "2f2f2a5b4069643d277375626d697442746e275d",
    "testData": "",
    "Execution Date": "",
    "ExecutionTime": "",
    "SystemExecutedOn": ""
  }
]
}