{"scriptStep":[{"stepNo":1,"scriptName":"Sign On in Mainframe","scriptId":"SN001","stepId":"SN001.1","fieldId":"SN001FID1","stepDescription":"Open Mainframe application","expected":"Should be able to open Mainframe application","Actual":"","Status":"Pass","Browser":"chrome","Screenname":"SignOn","fieldName":"","fieldType":"url","keyword":"input","xpath":"","xPath_Hexa":"","testData":"http://10.11.13.82:8080/lifeasia/Servlet5250","ExecutionDate":"2017-09-07T01:42:41.562Z","screenshot":"C://Tristha//s1-0.png","SystemExecutedOn":"","Row":"","Column":"","Size":"","xPath_autoIT":"||"},{"stepNo":2,"scriptName":"Sign On in Mainframe","scriptId":"SN002","stepId":"SN002.2","fieldId":"SN002FID1","stepDescription":"Enter user name","expected":"User should be able to enter user name","Actual":"Value has been entered successfully in the text field: username","Status":"Pass","Browser":"chrome","Screenname":"","fieldName":"username","fieldType":"textbox","keyword":"input","xpath":"/html/body/form/input[1]","xPath_Hexa":"2f68746d6c2f626f64792f666f726d2f696e7075745b315d","testData":"SGPJLO","ExecutionDate":"2017-09-07T01:42:49.680Z","screenshot":"C://Tristha//s1-1.png","SystemExecutedOn":"","Row":6,"Column":53,"Size":"","xPath_autoIT":"6||53"},{"stepNo":3,"scriptName":"Sign On in Mainframe","scriptId":"SN002","stepId":"SN002.3","fieldId":"SN002FID2","stepDescription":"Enter Password","expected":"User should be able to enter password","Actual":"Value has been entered successfully in the text field: password","Status":"Pass","Browser":"chrome","Screenname":"","fieldName":"password","fieldType":"textbox","keyword":"input","xpath":"/html/body/form/input[2]","xPath_Hexa":"2f68746d6c2f626f64792f666f726d2f696e7075745b325d","testData":88888888,"ExecutionDate":"2017-09-07T01:42:57.775Z","screenshot":"C://Tristha//s3-0.png","SystemExecutedOn":"","Row":7,"Column":53,"Size":"","xPath_autoIT":"7||53"},{"stepNo":4,"scriptName":"Sign On in Mainframe","scriptId":"SN002","stepId":"SN002.4","fieldId":"SN002FID3","stepDescription":"Press Enter","expected":"should be able to press enter and move to the next screen","Actual":"Enter key has beeen pressed successfully","Status":"Pass","Browser":"chrome","Screenname":"Sign-On","fieldName":"enter","fieldType":"keypress","keyword":"input","xpath":"/html/body/form/input[2]","xPath_Hexa":"2f68746d6c2f626f64792f666f726d2f696e7075745b325d","testData":"ENTER","ExecutionDate":"2017-09-07T01:42:58.536Z","screenshot":"C://Tristha//s4-0.png","SystemExecutedOn":"","Row":"","Column":"","Size":"","xPath_autoIT":"||"},{"stepNo":5,"scriptName":"Sign On in Mainframe","scriptId":"SN002","stepId":"SN002.5","fieldId":"SN002FID4","stepDescription":"Press Enter on Sign-On InformationPage","expected":"should be able to press enter and move to the next screen","Actual":"","Status":"Pass","Browser":"chrome","Screenname":"Sign-On Information page","fieldName":"","fieldType":"URL","keyword":"input","xpath":"","xPath_Hexa":"","testData":"http://10.11.13.82:8080/lifeasia/Servlet5250","ExecutionDate":"2017-09-07T01:42:59.280Z","screenshot":"C://Tristha//s5-0.png","SystemExecutedOn":"","Row":"","Column":"","Size":"","xPath_autoIT":"||"},{"stepNo":7,"scriptName":"Enter Command","scriptId":"SN003","stepId":"SN003.1","fieldId":"SN003FID1","stepDescription":"Enter command  \"D","expected":"Able to type D in the type command field","Actual":"Value has been entered successfully in the text field: TypeCommand","Status":"Pass","Browser":"chrome","Screenname":"Command entry","fieldName":"TypeCommand","fieldType":"textbox","keyword":"input","xpath":"/html/body/form/input","xPath_Hexa":"2f68746d6c2f626f64792f666f726d2f696e707574","testData":"D","ExecutionDate":"2017-09-07T01:43:07.353Z","screenshot":"C://Tristha//s6-0.png","SystemExecutedOn":"","Row":18,"Column":7,"Size":"","xPath_autoIT":"18||7"},{"stepNo":7,"scriptName":"Enter Command","scriptId":"SN003","stepId":"SN003.1","fieldId":"SN003FID1","stepDescription":"Enter command  \"D\" and press enter","expected":"Successfully entered command","Actual":"Enter key has beeen pressed successfully","Status":"Pass","Browser":"chrome","Screenname":"Command entry","fieldName":"TypeCommand","fieldType":"keypress","keyword":"input","xpath":"/html/body/form/input","xPath_Hexa":"2f68746d6c2f626f64792f666f726d2f696e707574","testData":"ENTER","ExecutionDate":"2017-09-07T01:43:08.131Z","screenshot":"C://Tristha//s7-0.png","SystemExecutedOn":"","Row":18,"Column":7,"Size":"","xPath_autoIT":"18||7"},{"stepNo":8,"scriptName":"Select Contract Enquiries","scriptId":"SN004","stepId":"SN004.1","fieldId":"SN004FID1","stepDescription":"Select Contract enquiries from Enquiries Master Menu","expected":"user should be able to select contract enquiries","Actual":"contractEnquiries has been selected successfully","Status":"Pass","Browser":"chrome","Screenname":"system master Menu","fieldName":"contractEnquiries","fieldType":"select","keyword":"input","xpath":"/html/body/form/input[25]","xPath_Hexa":"2f68746d6c2f626f64792f666f726d2f696e7075745b32355d","testData":"Spacebar","ExecutionDate":"2017-09-07T01:43:08.974Z","screenshot":"C://Tristha//s8-0.png","SystemExecutedOn":"","Row":14,"Column":10,"Size":"","xPath_autoIT":"14||10"},{"stepNo":10,"scriptName":"Select Contract details","scriptId":"SN005","stepId":"SN005.1","fieldId":"SN005FID1","stepDescription":"Select Contract details by typing spacebar","expected":"should be able to select contract details menu","Actual":"ContractDetails has been selected successfully","Status":"Pass","Browser":"chrome","Screenname":"Enquiries Master Menu","fieldName":"ContractDetails","fieldType":"select","keyword":"input","xpath":"/html/body/form/input[13]","xPath_Hexa":"2f68746d6c2f626f64792f666f726d2f696e7075745b31335d","testData":"Spacebar","ExecutionDate":"2017-09-07T01:43:09.815Z","screenshot":"C://Tristha//s9-0.png","SystemExecutedOn":"","Row":9,"Column":13,"Size":"","xPath_autoIT":"9||13"},{"stepNo":12,"scriptName":"Select Contract details","scriptId":"SN005","stepId":"","fieldId":"SN005FID2","stepDescription":"Enter Action \"A\" in the action field of Contract Enquiry submenu","expected":"user should be able to select A against the action sub menu","Actual":"Value has been entered successfully in the text field: ActionMenu","Status":"Pass","Browser":"chrome","Screenname":"Contract enquiry sub menu","fieldName":"ActionMenu","fieldType":"textbox","keyword":"input","xpath":"/html/body/form/input[1]","xPath_Hexa":"2f68746d6c2f626f64792f666f726d2f696e7075745b315d","testData":"A","ExecutionDate":"2017-09-07T01:43:17.907Z","screenshot":"C://Tristha//s10-0.png","SystemExecutedOn":"","Row":9,"Column":44,"Size":"","xPath_autoIT":"9||44"},{"stepNo":12,"scriptName":"Contract Number","scriptId":"SN006","stepId":"SN006.1","fieldId":"SN006FID1","stepDescription":"Enter Contract Number","expected":"User Should be able to enter their contract number","Actual":"Value has been entered successfully in the text field: Contract No","Status":"Pass","Browser":"chrome","Screenname":"Contract enquiry sub menu","fieldName":"Contract No","fieldType":"textbox","keyword":"input","xpath":"/html/body/form/input[2]","xPath_Hexa":"2f68746d6c2f626f64792f666f726d2f696e7075745b325d","testData":10097430,"ExecutionDate":"2017-09-07T01:43:26.008Z","screenshot":"C://Tristha//s11-0.png","SystemExecutedOn":"","Row":11,"Column":44,"Size":"","xPath_autoIT":"11||44"},{"stepNo":"","scriptName":"Contract Number","scriptId":"SN006","stepId":"SN006.1","fieldId":"SN006FID1","stepDescription":"Click enter after entering the policy number","expected":"Contract details screen opens up","Actual":"Enter key has beeen pressed successfully","Status":"Pass","Browser":"chrome","Screenname":"Contract enquiry sub menu","fieldName":"Contract No","fieldType":"keypress","keyword":"input","xpath":"/html/body/form/input[2]","xPath_Hexa":"2f68746d6c2f626f64792f666f726d2f696e7075745b325d","testData":"","ExecutionDate":"2017-09-07T01:43:26.771Z","screenshot":"C://Tristha//s12-0.png","SystemExecutedOn":"","Row":"","Column":"","Size":"","xPath_autoIT":""},{"stepNo":13,"scriptName":"Verify Contract Number","scriptId":"SN007","stepId":"SN007.1","fieldId":"SN007FID1","stepDescription":"Verify the Contract Number","expected":"User should be able verify Contract number","Actual":"The text 'Fwd Poc Demo Second                            ' in the field does not match the expected text Demo Second Round","Status":"Fail","Browser":"chrome","Screenname":"Contract details","fieldName":"Life Assured  name","fieldType":"text","keyword":"verify","xpath":"/html/body/form/span[20]","xPath_Hexa":"2f68746d6c2f626f64792f666f726d2f7370616e5b32305d","testData":"Fwd Poc Demo Second","ExecutionDate":"2017-09-07T01:43:36.849Z","screenshot":"C://Tristha//s13-0.png","SystemExecutedOn":"","Row":3,"Column":12,"Size":8,"xPath_autoIT":"3||12||8"},{"stepNo":14,"scriptName":"Verify Client Name","scriptId":"SN008","stepId":"SN008.1","fieldId":"SN008FID1","stepDescription":"Verify the  Client Name","expected":"User should be able to verify the client name","Actual":"The text '10097430' in the field matches the expected text 10097430","Status":"Pass","Browser":"chrome","Screenname":"Contract details","fieldName":"Contract No","fieldType":"text","keyword":"verify","xpath":"/html/body/form/span[4]","xPath_Hexa":"2f68746d6c2f626f64792f666f726d2f7370616e5b345d","testData":10097430,"ExecutionDate":"2017-09-07T01:43:46.913Z","screenshot":"C://Tristha//s14-0.png","SystemExecutedOn":"","Row":6,"Column":30,"Size":35,"xPath_autoIT":"6||30||35"},{"stepNo":15,"scriptName":"Verify Premium amount","scriptId":"SN009","stepId":"SN009.1","fieldId":"SN009FID1","stepDescription":"Verify Premium amount","expected":"User should be able to verify premium amount","Actual":"The text 'Prm Paying' in the field matches the expected text Prm Paying","Status":"Pass","Browser":"chrome","Screenname":"Contract details","fieldName":"Premium Status","fieldType":"text","keyword":"verify","xpath":"/html/body/form/span[14]","xPath_Hexa":"2f68746d6c2f626f64792f666f726d2f7370616e5b31345d","testData":"Prm Paying","ExecutionDate":"2017-09-07T01:43:56.969Z","screenshot":"C://Tristha//s15-0.png","SystemExecutedOn":"","Row":16,"Column":35,"Size":12,"xPath_autoIT":"16||35||12"},{"stepNo":16,"scriptName":"Log off","scriptId":"SN010","stepId":"SN0010","fieldId":"SN010FID1","stepDescription":"Logout from the mainframe screens","expected":"User should be able to logout","Actual":"","Status":"","Browser":"","Screenname":"logout","fieldName":"","fieldType":"close","keyword":"input","xpath":"","xPath_Hexa":"2f68746d6c2f626f64792f666f726d2f7370616e5b31345d","testData":"F3","ExecutionDate":"","screenshot":"","SystemExecutedOn":"","Row":16,"Column":35,"Size":12,"xPath_autoIT":"16||35||12"}]}