[
  {
    "no": "1",
    "Action": "Open Mainframapplication"
  },
  {
    "no": "2",
    "Action": "Enter UserID",
    "Data": "SGPJLO",
    "Field ID": "653",
    "Row": "6",
    "Column": "53"
  },
  {
    "no": "3",
    "Action": "Enter Password",
    "Data": "88888888",
    "Field ID": "753",
    "Row": "7",
    "Column": "53"
  },
  {
    "no": "4",
    "Action": "Press Enter",
    "Data": "Enter",
    "Field ID": ""
  },
  {
    "no": "5",
    "Action": "Press Enter on Sign-On InformationPage",
    "Data": "Enter",
    "Field ID": ""
  },
  {
    "no": "6",
    "Action": "Enter Command",
    "Data": "D",
    "Field ID": "187",
    "Row": "18",
    "Column": "7"
  },
  {
    "no": "7",
    "Action": "Press Enter",
    "Data": "Enter",
    "Field ID": ""
  },
  {
    "no": "8",
    "Action": "Select",
    "Data": "Contract Enquiries",
    "Field ID": "1410",
    "Row": "14",
    "Column": "10"
  },
  {
    "no": "9",
    "Action": "Press Enter",
    "Data": "Enter",
    "Field ID": ""
  },
  {
    "no": "10",
    "Action": "Select ",
    "Data": "Contracdt Details",
    "Field ID": "913",
    "Row": "9",
    "Column": "13"
  },
  {
    "Action": "Enter Action",
    "Data": "A",
    "Field ID": "944",
    "Row": "9",
    "Column": "44"
  },
  {
    "no": "11",
    "Action": "Enter Contract Number",
    "Data": "10097430",
    "Field ID": "1144",
    "Row": "11",
    "Column": "44"
  },
  {
    "no": "12",
    "Action": "Verify Contract Number",
    "Data": "10097430",
    "Field ID": "312",
    "Row": "3",
    "Column": "12",
    "size": "8"
  },
  {
    "no": "13",
    "Action": "verify Client Name",
    "Data": "Fwd Poc Demo Second",
    "Field ID": "630",
    "Row": "6",
    "Column": "30",
    "size": "35"
  },
  {
    "no": "14",
    "Action": "Verify Premium amount",
    "Data": "237.98",
    "Field ID": "1635",
    "Row": "16",
    "Column": "35",
    "size": "12"
  }
]